2.63975e-11,20.5409,-0,8.094,1.88243e-11,10.7412,-0,8.094,0.235699,-1.43194,0,0.235699,-1.43194,4.09979e-17
6.55219e-11,20.5409,-8.094,8.094,5.33146e-11,10.7412,-8.094,8.094,0.25624,-1.4212,0.008094,0.235699,-1.43194,8.1124e-17
1.44974,20.5409,-8.02221,8.02221,1.44974,10.7412,-8.02221,8.02221,0.276834,-1.41046,0.0161162,0.235699,-1.43194,-2.65531e-11
2.78801,20.5409,-7.95594,7.95594,2.78802,10.7412,-7.95594,7.95594,0.297476,-1.39971,0.0240721,0.235699,-1.43193,-9.87254e-11
4.02525,20.5409,-7.89467,7.89467,4.02525,10.7412,-7.89467,7.89467,0.318164,-1.38897,0.0319668,0.235699,-1.43193,-2.34324e-10
5.16868,20.5409,-7.83805,7.83805,5.16868,10.7412,-7.83805,7.83805,0.338894,-1.37822,0.0398049,0.235699,-1.43192,-4.49759e-10
6.22505,20.5409,-7.78574,7.78574,6.22505,10.7412,-7.78574,7.78574,0.359662,-1.36747,0.0475906,0.235699,-1.43191,-7.60145e-10
7.20064,20.5409,-7.73743,7.73743,7.20064,10.7412,-7.73743,7.73743,0.380465,-1.35672,0.055328,0.235699,-1.43189,-1.17938e-09
8.10128,20.5409,-7.69283,7.69283,8.10128,10.7412,-7.69283,7.69283,0.401301,-1.34596,0.0630209,0.235699,-1.43187,-1.72026e-09
8.93241,20.5409,-7.65167,7.65167,8.93241,10.7412,-7.65167,7.65167,0.422168,-1.3352,0.0706725,0.235699,-1.43184,-2.39451e-09
9.69909,20.5409,-7.6137,7.6137,9.69909,10.7412,-7.6137,7.6137,0.443062,-1.32443,0.0782862,0.235699,-1.43181,-3.21292e-09
10.406,20.5409,-7.5787,7.5787,10.406,10.7412,-7.5787,7.5787,0.463982,-1.31366,0.0858649,0.235699,-1.43178,-4.18537e-09
11.0575,20.5409,-7.54643,7.54643,11.0575,10.7412,-3.21847,7.54643,0.484925,-1.30289,0.0934114,0.235699,-1.43174,-5.32092e-09
11.6571,20.5409,-7.51675,7.51675,10.6649,10.7412,-0.648235,7.56588,0.505871,-1.29211,0.101024,0.235699,-1.43169,-6.6191e-09
12.2085,20.5409,-7.48944,7.48944,9.68721,10.7412,-7.61429,7.61429,0.52681,-1.28132,0.108759,0.235699,-1.43164,-8.07552e-09
12.717,20.5409,-7.46426,7.46426,10.3399,10.7412,-3.67693,7.58197,0.547769,-1.27054,0.116454,0.235699,-1.43158,-9.70074e-09
13.1842,20.5409,-7.44112,7.44112,10.0478,10.7412,-7.59643,7.59643,0.568732,-1.25975,0.1242,0.235699,-1.43151,-1.14942e-08
13.5007,20.5409,-7.42545,7.42545,10.5437,10.7412,-1.82747,7.57188,0.589708,-1.24895,0.131912,0.235699,-1.43144,-5.64476e-09
13.5695,20.5409,-7.42204,7.42204,9.70343,10.7412,-7.61349,7.61349,0.61067,-1.23815,0.13971,0.235699,-1.43136,1.52389e-07
13.6484,20.5409,-7.41813,7.41813,10.2154,10.7412,-4.78411,7.58814,0.631642,-1.22735,0.147461,0.235699,-1.43126,4.46475e-07
13.7346,20.5409,-7.41387,7.41387,10.0805,10.7412,-7.59482,7.59482,0.652613,-1.21655,0.15523,0.235699,-1.43115,8.848e-07
13.8279,20.5409,-7.40925,7.40925,10.583,10.7412,-1.47418,7.56993,0.673595,-1.20574,0.162955,0.235699,-1.43104,1.45095e-06
13.9252,20.5409,-7.40443,7.40443,9.72745,10.7412,-7.6123,7.6123,0.694562,-1.19493,0.170767,0.235699,-1.43091,2.18198e-06
14.0278,20.5409,-7.39935,7.39935,10.3001,10.7412,-4.02797,7.58394,0.71554,-1.18411,0.178528,0.235699,-1.43078,3.0593e-06
14.1332,20.5409,-7.39413,7.39413,10.0549,10.7412,-7.59608,7.59608,0.736516,-1.17329,0.186318,0.235699,-1.43063,4.09615e-06
14.2421,20.5409,-7.38873,7.38873,10.6204,10.7412,-1.14411,7.56808,0.757502,-1.16246,0.194059,0.235699,-1.43048,5.27427e-06
14.3517,20.5409,-7.38331,7.38331,9.74827,10.7412,-7.61127,7.61127,0.778475,-1.15164,0.201889,0.235699,-1.43032,6.63179e-06
14.4638,20.5409,-7.37775,7.37775,10.3757,10.7412,-3.35301,7.5802,0.79946,-1.14081,0.209664,0.235699,-1.43015,8.1483e-06
14.5761,20.5409,-7.37219,7.37219,10.0327,10.7412,-7.59718,7.59718,0.820441,-1.12997,0.217478,0.235699,-1.42997,9.84114e-06
14.6899,20.5409,-7.36656,7.36656,10.6549,10.7412,-0.838885,7.56637,0.841433,-1.11913,0.225236,0.235699,-1.42978,1.169e-05
14.9791,20.5409,-7.35224,7.35224,9.76509,10.7412,-7.61044,7.61044,0.862414,-1.10829,0.233095,0.235699,-1.42959,1.36769e-05
15.4748,20.5409,-7.32769,7.32769,10.559,10.7412,-1.71976,7.57112,0.883418,-1.09744,0.2409,0.235699,-1.42939,1.57011e-05
16.1242,20.5409,-7.29554,7.29554,10.1481,10.7412,-7.59147,7.59147,0.904424,-1.08658,0.248776,0.235699,-1.42918,1.77231e-05
16.7373,20.5409,-7.26518,7.26518,11.1031,10.7412,-2.83891,7.54418,0.925458,-1.07572,0.256588,0.235699,-1.42898,1.9743e-05
17.3147,20.5409,-7.23658,7.23658,10.9241,10.7412,-4.33635,7.55304,0.946498,-1.06484,0.264446,0.235699,-1.42878,2.1763e-05
17.8593,20.5409,-7.20962,7.20962,11.0968,10.7412,-2.81724,7.54449,0.967549,-1.05396,0.272312,0.235699,-1.42857,2.37829e-05
18.3725,20.5409,-7.1842,7.1842,10.9131,10.7412,-4.43491,7.55359,0.988605,-1.04308,0.280221,0.235699,-1.42837,2.58029e-05
18.8565,20.5409,-7.16023,7.16023,11.1089,10.7412,-2.71087,7.54389,1.00967,-1.03219,0.288134,0.235699,-1.42817,2.78229e-05
19.3126,20.5409,-7.13765,7.13765,10.9002,10.7412,-4.54867,7.55423,1.03074,-1.02129,0.296088,0.235699,-1.42796,2.98425e-05
19.7146,20.5409,-7.11774,7.11774,11.0944,10.7412,-2.84083,7.54461,1.05182,-1.01038,0.304043,0.235699,-1.42776,3.18606e-05
20.0639,20.5409,-4.32742,7.10044,10.8585,10.7412,-4.92136,7.55629,1.0729,-0.999473,0.312038,0.235699,-1.42756,3.38758e-05
19.7297,20.5409,-7.11699,7.11699,11.0824,10.7412,-2.95166,7.5452,1.09398,-0.988559,0.319995,0.235699,-1.42735,3.58871e-05
20.0258,20.5409,-4.66579,7.10233,10.8201,10.7412,-5.26416,7.55819,1.11505,-0.97764,0.327991,0.235699,-1.42714,3.78935e-05
19.7268,20.5409,-7.11713,7.11713,11.0804,10.7412,-2.97372,7.5453,1.13612,-0.966718,0.335948,0.235698,-1.42692,3.98983e-05
19.9894,20.5409,-4.98961,7.10413,10.7896,10.7412,-5.53613,7.5597,1.1572,-0.955791,0.343946,0.235698,-1.42671,4.19591e-05
19.7214,20.5409,-7.1174,7.1174,11.0687,10.7412,-3.08119,7.54588,1.17827,-0.94486,0.351904,0.235698,-1.42648,4.41262e-05
19.8067,20.5409,-6.61599,7.11318,10.6802,10.7412,-0.510717,7.56512,1.19933,-0.933927,0.359903,0.235698,-1.42625,4.64766e-05
19.6369,20.5409,-7.12159,7.12159,9.78764,10.7412,-7.60932,7.60932,1.22037,-0.922997,0.367982,0.235698,-1.42601,4.90927e-05
19.4747,20.5409,-7.12962,7.12962,10.5325,10.7412,-1.95323,7.57243,1.24142,-0.912059,0.37598,0.235698,-1.42576,5.19864e-05
19.2288,20.5409,-7.1418,7.1418,9.99288,10.7412,-7.59916,7.59916,1.26246,-0.901122,0.384019,0.235698,-1.42551,5.52098e-05
18.9437,20.5409,-7.15591,7.15591,10.7414,10.7412,-6.07318,7.56209,1.28351,-0.890177,0.391971,0.235698,-1.42524,5.87507e-05
18.7038,20.5409,-7.16779,7.16779,11.0978,10.7412,-2.82666,7.54444,1.30455,-0.879228,0.399878,0.235698,-1.42497,6.25849e-05
18.5029,20.5409,-7.17774,7.17774,10.7291,10.7412,-0.0727486,7.5627,1.32558,-0.868279,0.407811,0.235698,-1.42469,6.67178e-05
18.3353,20.5409,-7.18604,7.18604,9.81378,10.7412,-7.60802,7.60802,1.34659,-0.857334,0.415824,0.235698,-1.4244,7.11784e-05
18.1989,20.5409,-7.1928,7.1928,10.6306,10.7412,-1.07746,7.56758,1.36762,-0.84638,0.423752,0.235698,-1.42411,7.59284e-05
18.1068,20.5409,-7.19736,7.19736,9.96386,10.7412,-7.60059,7.60059,1.38862,-0.835428,0.43174,0.235698,-1.4238,8.09824e-05
18.1204,20.5409,-7.19668,7.19668,10.7839,10.7412,-5.69784,7.55998,1.40964,-0.824466,0.43965,0.235698,-1.4235,8.62777e-05
18.2436,20.5409,-7.19058,7.19058,11.119,10.7412,-2.63379,7.54339,1.43067,-0.813497,0.447532,0.235698,-1.42318,9.17681e-05
18.4742,20.5409,-7.17916,7.17916,10.766,10.7412,-5.74204,7.56087,1.45169,-0.802525,0.45546,0.235698,-1.42286,9.74362e-05
18.8048,20.5409,-7.16279,7.16279,11.1276,10.7412,-2.55895,7.54296,1.47272,-0.791543,0.463369,0.235698,-1.42254,0.00010324
19.2207,20.5409,-7.1422,7.1422,10.84,10.7412,-5.08207,7.5572,1.49376,-0.780556,0.471325,0.235698,-1.42221,0.000109193
19.6558,20.5409,-7.12065,7.12065,11.1871,10.7412,-2.02161,7.54002,1.5148,-0.76956,0.479268,0.235698,-1.42188,0.000115296
20.0657,20.5409,-4.31798,7.10035,10.8163,10.7412,-5.2871,7.55838,1.53584,-0.758558,0.487267,0.235697,-1.42155,0.000121563
19.8143,20.5409,-7.1128,7.1128,11.2112,10.7412,-1.80952,7.53882,1.55688,-0.747552,0.495215,0.235697,-1.42121,0.000127973
20.2151,20.5409,-2.97193,7.09295,10.7907,10.7412,-5.51266,7.55965,1.57792,-0.736542,0.503223,0.235697,-1.42087,0.000134524
19.6482,20.5409,-7.12103,7.12103,11.2384,10.7412,-1.57045,7.53748,1.59896,-0.725528,0.511161,0.235697,-1.42053,0.000141206
20.0585,20.5409,-4.38242,7.10071,10.7618,10.7412,-5.76734,7.56108,1.61999,-0.714512,0.519165,0.235697,-1.42019,0.000148028
19.8218,20.5409,-7.11243,7.11243,11.2689,10.7412,-1.30211,7.53597,1.64102,-0.703489,0.527108,0.235697,-1.41984,0.000154988
20.2068,20.5409,-3.04538,7.09337,10.714,10.7412,-0.190024,7.56345,1.66205,-0.692464,0.535124,0.235697,-1.41949,0.000162107
19.6279,20.5409,-7.12203,7.12203,9.93011,10.7412,-7.60226,7.60226,1.68305,-0.681447,0.543188,0.235697,-1.41913,0.000169402
20.0009,20.5409,-4.89743,7.10356,10.8579,10.7412,-5.04316,7.55632,1.70408,-0.670415,0.551179,0.235697,-1.41877,0.000176859
19.8375,20.5409,-7.11165,7.11165,11.1471,10.7412,-2.37623,7.542,1.7251,-0.659378,0.559135,0.235696,-1.41841,0.000184467
20.1828,20.5409,-3.25697,7.09455,10.8083,10.7412,-5.36244,7.55878,1.74612,-0.648336,0.56714,0.235696,-1.41805,0.000192241
19.6246,20.5409,-7.12219,7.12219,11.1626,10.7412,-2.24295,7.54123,1.76714,-0.637293,0.575084,0.235696,-1.41768,0.000200162
19.9767,20.5409,-5.11271,7.10476,10.8039,10.7412,-5.40065,7.559,1.78815,-0.626246,0.58308,0.235696,-1.41731,0.00020825
19.8421,20.5409,-7.11143,7.11143,11.1687,10.7412,-2.18927,7.54093,1.80916,-0.615193,0.591034,0.235696,-1.41693,0.000216492
20.1192,20.5409,-3.82339,7.09771,10.8085,10.7412,-5.35892,7.55877,1.83017,-0.604137,0.599036,0.235696,-1.41656,0.000224927
19.5853,20.5409,-7.12414,7.12414,11.1749,10.7412,-2.13403,7.54062,1.85118,-0.593079,0.606977,0.235696,-1.41617,0.000233547
19.7988,20.5409,-6.69976,7.11357,10.8135,10.7412,-5.31393,7.55852,1.87218,-0.582019,0.614963,0.235695,-1.41579,0.000242381
19.8843,20.5409,-7.10933,7.10933,11.1817,10.7412,-2.07291,7.54029,1.89318,-0.570951,0.622918,0.235695,-1.4154,0.000251427
20.0514,20.5409,-4.42233,7.10106,10.8181,10.7412,-5.27186,7.55829,1.91418,-0.559881,0.630915,0.235695,-1.41501,0.000260706
19.6002,20.5409,-7.1234,7.1234,11.1878,10.7412,-2.01768,7.53998,1.93517,-0.548808,0.638856,0.235695,-1.41461,0.000270195
19.8069,20.5409,-6.62667,7.11317,10.8225,10.7412,-5.23197,7.55807,1.95616,-0.537733,0.646842,0.235695,-1.41421,0.000279907
19.92,20.5409,-7.10757,7.10757,11.1938,10.7412,-1.96404,7.53969,1.97716,-0.52665,0.654797,0.235695,-1.41381,0.000289824
20.1765,20.5409,-3.30555,7.09487,10.826,10.7412,-5.20002,7.5579,1.99815,-0.515564,0.6628,0.235695,-1.4134,0.000299952
19.595,20.5409,-7.12366,7.12366,11.1984,10.7412,-1.92304,7.53946,2.01913,-0.504477,0.670739,0.235694,-1.413,0.000310254
19.9651,20.5409,-5.21888,7.10533,10.829,10.7412,-5.1731,7.55775,2.04011,-0.493386,0.678732,0.235694,-1.41258,0.000320736
19.9246,20.5409,-7.10734,7.10734,11.1969,10.7412,-1.93583,7.53953,2.0611,-0.482288,0.686687,0.235694,-1.41217,0.000331367
20.3187,20.5409,-2.03879,7.08782,10.8056,10.7412,-5.38151,7.55891,2.08208,-0.471187,0.694699,0.235694,-1.41176,0.000342164
19.5326,20.5409,-7.12675,7.12675,11.222,10.7412,-1.7147,7.53829,2.10305,-0.460086,0.702633,0.235694,-1.41134,0.000353102
19.9492,20.5409,-5.36681,7.10612,10.7789,10.7412,-5.61664,7.56023,2.12402,-0.448982,0.71063,0.235693,-1.41092,0.000364198
19.9435,20.5409,-7.1064,7.1064,11.251,10.7412,-1.45967,7.53686,2.14499,-0.43787,0.71858,0.235693,-1.4105,0.000375443
20.3366,20.5409,-1.87791,7.08694,10.7481,10.7412,-5.88821,7.56176,2.16596,-0.426755,0.726598,0.235693,-1.41008,0.000386853
19.5129,20.5409,-7.12773,7.12773,11.2834,10.7412,-1.17401,7.53525,2.18692,-0.41564,0.734526,0.235693,-1.40965,0.000398403
19.9306,20.5409,-5.534,7.10704,10.7136,10.7412,-0.192236,7.56347,2.20788,-0.404524,0.742528,0.235692,-1.40922,0.00041011
19.9635,20.5409,-7.10541,7.10541,9.94442,10.7412,-7.60156,7.60156,2.22882,-0.393413,0.750606,0.235692,-1.40879,0.00042199
20.3563,20.5409,-1.70027,7.08596,10.9104,10.7412,-4.57451,7.55372,2.24978,-0.382283,0.75861,0.235692,-1.40836,0.000434032
19.4909,20.5409,-7.12882,7.12882,11.1369,10.7412,-2.46153,7.5425,2.27072,-0.371157,0.76655,0.235692,-1.40793,0.000446216
19.91,20.5409,-5.71962,7.10806,10.8691,10.7412,-4.82218,7.55576,2.29167,-0.360026,0.774536,0.235691,-1.40749,0.000458553
19.987,20.5409,-7.10425,7.10425,11.1549,10.7412,-2.30541,7.54161,2.31262,-0.348887,0.782498,0.235691,-1.40706,0.000471039
20.3738,20.5409,-1.54212,7.08509,10.8544,10.7412,-4.95151,7.55649,2.33356,-0.337744,0.790508,0.235691,-1.40662,0.00048369
19.4625,20.5409,-7.13022,7.13022,11.1788,10.7412,-2.09433,7.54043,2.3545,-0.326605,0.798443,0.23569,-1.40618,0.000496486
19.8703,20.5409,-6.07609,7.11003,10.8377,10.7412,-5.09767,7.55732,2.37543,-0.315462,0.80643,0.23569,-1.40574,0.000509442
20.0149,20.5409,-7.10287,7.10287,11.2041,10.7412,-1.87086,7.53918,2.39636,-0.30431,0.814389,0.23569,-1.40529,0.000522556
20.3857,20.5409,-1.43359,7.0845,10.8159,10.7412,-5.28929,7.5584,2.4173,-0.293154,0.822403,0.235689,-1.40485,0.000535844
19.4381,20.5409,-7.13143,7.13143,11.2303,10.7412,-1.63999,7.53788,2.43822,-0.282003,0.830331,0.235689,-1.4044,0.000549281
19.8399,20.5409,-6.34909,7.11153,10.7898,10.7412,-5.51875,7.55969,2.45914,-0.270849,0.838322,0.235689,-1.40395,0.000562884
20.0448,20.5409,-7.10139,7.10139,11.2587,10.7412,-1.38982,7.53647,2.48006,-0.259682,0.846277,0.235688,-1.4035,0.000576645
20.4134,20.5409,-1.1845,7.08314,10.7579,10.7412,-5.79982,7.56127,2.50098,-0.248515,0.854298,0.235688,-1.40305,0.000590582
19.4101,20.5409,-7.13282,7.13282,11.2892,10.7412,-1.12184,7.53496,2.52189,-0.237351,0.862219,0.235688,-1.4026,0.000604663
19.819,20.5409,-6.5375,7.11257,10.7214,10.7412,-0.121709,7.56308,2.54279,-0.226187,0.870216,0.235687,-1.40214,0.000618906
20.0753,20.5409,-7.09988,7.09988,9.94742,10.7412,-7.60141,7.60141,2.56368,-0.215026,0.878299,0.235687,-1.40168,0.000633326
20.4531,20.5409,-0.827486,7.08117,10.9213,10.7412,-4.47665,7.55318,2.58459,-0.203844,0.886306,0.235687,-1.40123,0.000647912
19.3777,20.5409,-7.13442,7.13442,11.1297,10.7412,-2.52507,7.54286,2.60548,-0.192671,0.894242,0.235686,-1.40077,0.000662636
19.8016,20.5409,-6.69598,7.11343,10.8781,10.7412,-4.74323,7.55532,2.62637,-0.181493,0.902222,0.235686,-1.40031,0.000677509
20.1073,20.5409,-7.09829,7.09829,11.1453,10.7412,-2.39053,7.54209,2.64727,-0.170305,0.910191,0.235685,-1.39984,0.000692531
20.491,20.5409,-0.487827,7.07929,10.8606,10.7412,-4.8977,7.55619,2.66816,-0.159111,0.918205,0.235685,-1.39938,0.000707713
19.341,20.5409,-7.13624,7.13624,11.1631,10.7412,-2.23316,7.5412,2.68904,-0.147928,0.926136,0.235685,-1.39891,0.00072303
19.7685,20.5409,-6.99433,7.11507,10.8415,10.7412,-5.06508,7.55713,2.70992,-0.13674,0.934118,0.235684,-1.39845,0.000738493
20.1442,20.5409,-7.09646,7.09646,11.1843,10.7412,-2.0469,7.54016,2.7308,-0.125539,0.942085,0.235684,-1.39798,0.000754105
20.5257,20.5409,-0.174669,7.07757,10.819,10.7412,-5.26376,7.55825,2.75168,-0.114335,0.950105,0.235683,-1.39751,0.000769879
19.3024,20.5409,-7.13815,7.13815,11.2074,10.7412,-1.84307,7.53901,2.77254,-0.10314,0.958029,0.235683,-1.39704,0.000785784
19.7321,20.5409,-7.11687,7.11687,10.7944,10.7412,-5.4805,7.55947,2.7934,-0.091943,0.966014,0.235682,-1.39657,0.000801836
20.1377,20.5409,-7.09679,7.09679,11.2346,10.7412,-1.60356,7.53766,2.81427,-0.0807306,0.973976,0.235682,-1.39609,0.000818034
20.5196,20.5409,-0.229936,7.07788,10.7654,10.7412,-5.73585,7.5609,2.83513,-0.069517,0.982001,0.235681,-1.39562,0.000834394
19.3094,20.5409,-7.13781,7.13781,11.2646,10.7412,-1.33935,7.53618,2.85598,-0.0583116,0.98992,0.235681,-1.39514,0.000850884
19.7386,20.5409,-7.11655,7.11655,10.7335,10.7412,-0.0169402,7.56248,2.87683,-0.0471053,0.997912,0.23568,-1.39467,0.000867521
20.1432,20.5409,-7.09651,7.09651,9.9233,10.7412,-7.6026,7.6026,2.89767,-0.0359027,1.006,0.23568,-1.39419,0.000884328
20.5256,20.5409,-0.175654,7.07758,10.8903,10.7412,-4.75483,7.55471,2.91851,-0.024677,1.01401,0.235679,-1.39371,0.000901294
19.3026,20.5409,-7.13814,7.13814,11.1589,10.7412,-2.26816,7.54142,2.93935,-0.0134637,1.02194,0.235679,-1.39323,0.000918392
19.7324,20.5409,-7.11686,7.11686,10.8456,10.7412,-5.02911,7.55693,2.96018,-0.00224618,1.02992,0.235678,-1.39275,0.000935633
20.138,20.5409,-7.09677,7.09677,11.1801,10.7412,-2.08389,7.54037,2.98102,0.0089852,1.03789,0.235677,-1.39226,0.000953021
20.52,20.5409,-0.226128,7.07786,10.8236,10.7412,-5.22324,7.55802,3.00185,0.0202193,1.04591,0.235677,-1.39178,0.000970569
19.3089,20.5409,-7.13783,7.13783,11.2027,10.7412,-1.8852,7.53925,3.02267,0.0314426,1.05384,0.235676,-1.39129,0.000988248
19.7369,20.5409,-7.11664,7.11664,10.801,10.7412,-5.42212,7.55914,3.04348,0.0426685,1.06182,0.235675,-1.39081,0.00100607
20.138,20.5409,-7.09677,7.09677,11.2319,10.7412,-1.62716,7.5378,3.0643,0.0539098,1.06978,0.235675,-1.39032,0.00102404
20.5129,20.5409,-0.289166,7.07821,10.7753,10.7412,-5.64826,7.56041,3.08512,0.0651521,1.07781,0.235674,-1.38983,0.00104218
19.3072,20.5409,-7.13792,7.13792,11.2635,10.7412,-1.34842,7.53623,3.10592,0.076385,1.08572,0.235673,-1.38934,0.00106045
19.7251,20.5409,-7.11722,7.11722,10.746,10.7412,-5.90524,7.56186,3.12672,0.0876183,1.09371,0.235673,-1.38885,0.00107887
20.1181,20.5409,-7.09776,7.09776,11.299,10.7412,-1.0353,7.53448,3.14753,0.0988691,1.10167,0.235672,-1.38836,0.00109744
20.4868,20.5409,-0.523674,7.0795,10.7108,10.7412,-0.215042,7.5636,3.16833,0.110118,1.1097,0.235671,-1.38787,0.00111619
19.3294,20.5409,-7.13682,7.13682,9.96166,10.7412,-7.6007,7.6007,3.18911,0.121338,1.11774,0.235671,-1.38737,0.00113509
19.7427,20.5409,-7.11635,7.11635,10.9421,10.7412,-4.29007,7.55215,3.20989,0.132583,1.12572,0.23567,-1.38688,0.00115414
20.132,20.5409,-7.09707,7.09707,11.1182,10.7412,-2.62528,7.54343,3.23068,0.14384,1.13369,0.235669,-1.38638,0.00117335
20.4991,20.5409,-0.413234,7.07889,10.9039,10.7412,-4.51455,7.55404,3.25146,0.1551,1.1417,0.235669,-1.38589,0.00119273
19.3168,20.5409,-7.13744,7.13744,11.1315,10.7412,-2.51058,7.54277,3.27223,0.166347,1.14963,0.235668,-1.38539,0.00121224
19.7319,20.5409,-7.11688,7.11688,10.8889,10.7412,-4.64649,7.55478,3.293,0.177598,1.15761,0.235667,-1.38489,0.0012319
20.1247,20.5409,-7.09743,7.09743,11.1463,10.7412,-2.38063,7.54204,3.31377,0.188862,1.16558,0.235667,-1.38439,0.00125172
20.496,20.5409,-0.441403,7.07905,10.8707,10.7412,-4.80709,7.55568,3.33454,0.20013,1.17359,0.235666,-1.38389,0.00127169
19.325,20.5409,-7.13703,7.13703,11.1623,10.7412,-2.23961,7.54125,3.3553,0.211384,1.18152,0.235665,-1.38339,0.0012918
19.7447,20.5409,-7.11625,7.11625,10.851,10.7412,-4.98074,7.55666,3.37605,0.222642,1.1895,0.235665,-1.38289,0.00131206
20.1422,20.5409,-7.09656,7.09656,11.1813,10.7412,-2.07265,7.54031,3.3968,0.233914,1.19747,0.235664,-1.38238,0.00133246
20.518,20.5409,-0.243941,7.07796,10.8279,10.7412,-5.18442,7.5578,3.41755,0.245189,1.20549,0.235663,-1.38188,0.00135302
19.3062,20.5409,-7.13796,7.13796,11.2025,10.7412,-1.88584,7.53925,3.43829,0.25645,1.21341,0.235662,-1.38138,0.00137372
19.732,20.5409,-7.11688,7.11688,10.8031,10.7412,-5.40328,7.55903,3.45903,0.267714,1.2214,0.235662,-1.38087,0.00139455
20.1351,20.5409,-7.09692,7.09692,11.2278,10.7412,-1.66379,7.538,3.47977,0.278993,1.22936,0.235661,-1.38036,0.00141553
20.5153,20.5409,-0.2684,7.07809,10.7744,10.7412,-5.65623,7.56045,3.5005,0.290272,1.23738,0.23566,-1.37986,0.00143667
19.3127,20.5409,-7.13764,7.13764,11.2563,10.7412,-1.41266,7.53659,3.52122,0.301541,1.2453,0.23566,-1.37935,0.00145793
19.7407,20.5409,-7.11645,7.11645,10.7433,10.7412,-5.92998,7.56199,3.54194,0.312809,1.25329,0.235659,-1.37884,0.00147934
20.145,20.5409,-7.09642,7.09642,11.2899,10.7412,-1.11713,7.53493,3.56266,0.324096,1.26125,0.235658,-1.37833,0.00150089
20.5254,20.5409,-0.177662,7.07759,10.7075,10.7412,-0.24539,7.56377,3.58337,0.33538,1.26928,0.235657,-1.37782,0.0015226
19.3005,20.5409,-7.13825,7.13825,9.95166,10.7412,-7.6012,7.6012,3.60407,0.346631,1.27733,0.235657,-1.37731,0.00154446
19.729,20.5409,-7.11702,7.11702,10.9191,10.7412,-4.49584,7.55329,3.62478,0.357908,1.2853,0.235656,-1.3768,0.00156646
20.1319,20.5409,-7.09707,7.09707,11.1306,10.7412,-2.51725,7.54282,3.64548,0.369197,1.29327,0.235655,-1.37629,0.00158861
20.5106,20.5409,-0.310513,7.07832,10.8794,10.7412,-4.73181,7.55526,3.66618,0.380489,1.30128,0.235654,-1.37577,0.00161092
19.3143,20.5409,-7.13756,7.13756,11.148,10.7412,-2.36628,7.54196,3.68686,0.391767,1.30921,0.235653,-1.37526,0.00163335
19.7374,20.5409,-7.11661,7.11661,10.8637,10.7412,-4.86919,7.55603,3.70755,0.403048,1.31719,0.235653,-1.37474,0.00165594
20.1355,20.5409,-7.0969,7.0969,11.1678,10.7412,-2.1915,7.54097,3.72823,0.414342,1.32516,0.235652,-1.37423,0.00167867
20.5091,20.5409,-0.323317,7.07839,10.8449,10.7412,-5.03438,7.55696,3.74891,0.425639,1.33318,0.235651,-1.37371,0.00170156
19.3109,20.5409,-7.13773,7.13773,11.1895,10.7412,-1.99973,7.5399,3.76959,0.436921,1.3411,0.23565,-1.3732,0.00172459
19.729,20.5409,-7.11702,7.11702,10.8244,10.7412,-5.21484,7.55798,3.79025,0.448205,1.34909,0.235649,-1.37268,0.00174777
20.1226,20.5409,-7.09754,7.09754,11.2147,10.7412,-1.77834,7.53865,3.81092,0.459505,1.35705,0.235648,-1.37216,0.0017711
20.492,20.5409,-0.477226,7.07924,10.7998,10.7412,-5.43107,7.55919,3.83158,0.470804,1.36507,0.235648,-1.37164,0.00179459
19.3252,20.5409,-7.13702,7.13702,11.2422,10.7412,-1.5353,7.53729,3.85224,0.482092,1.37299,0.235647,-1.37112,0.00181822
19.738,20.5409,-7.11658,7.11658,10.7726,10.7412,-5.67116,7.56055,3.87289,0.493379,1.38098,0.235646,-1.3706,0.00184201
20.1272,20.5409,-7.09731,7.09731,11.2738,10.7412,-1.25692,7.53572,3.89354,0.504683,1.38894,0.235645,-1.37008,0.00186594
20.4927,20.5409,-0.470531,7.07921,10.7402,10.7412,0.044338,7.56215,3.91418,0.515985,1.39696,0.235644,-1.36956,0.00189005
19.3203,20.5409,-7.13726,7.13726,9.93262,10.7412,-7.60214,7.60214,3.93481,0.527253,1.40501,0.235643,-1.36904,0.00191432
19.7318,20.5409,-7.11689,7.11689,10.9172,10.7412,-4.51525,7.55339,3.95545,0.538546,1.41299,0.235642,-1.36852,0.00193874
20.1191,20.5409,-7.09771,7.09771,11.1486,10.7412,-2.35653,7.54192,3.97608,0.549851,1.42095,0.235641,-1.368,0.00196331
20.4837,20.5409,-0.550786,7.07965,10.8745,10.7412,-4.77331,7.5555,3.99671,0.561158,1.42897,0.235641,-1.36747,0.00198805
19.3145,20.5409,-7.13755,7.13755,11.1803,10.7412,-2.07873,7.54035,4.01732,0.57245,1.43689,0.23564,-1.36695,0.00201295
19.6923,20.5409,-7.11884,7.11884,10.8721,10.7412,-4.79174,7.55562,4.03794,0.583745,1.44487,0.235639,-1.36643,0.00203801
20.0333,20.5409,-7.10196,7.10196,11.2158,10.7412,-1.76326,7.5386,4.05855,0.595052,1.45283,0.235638,-1.3659,0.00206326
20.3407,20.5409,-1.83246,7.08673,10.8628,10.7412,-4.8704,7.55608,4.07916,0.606359,1.46084,0.235637,-1.36537,0.00208871
19.4139,20.5409,-7.13263,7.13263,11.2498,10.7412,-1.46137,7.53691,4.09976,0.617656,1.46876,0.235636,-1.36485,0.00211435
19.7353,20.5409,-7.11671,7.11671,10.8474,10.7412,-5.00392,7.55684,4.12036,0.628953,1.47674,0.235635,-1.36432,0.0021402
20.0314,20.5409,-7.10205,7.10205,11.2835,10.7412,-1.16304,7.53524,4.14096,0.640263,1.48469,0.235634,-1.3638,0.00216626
20.3046,20.5409,-2.15437,7.08852,10.8241,10.7412,-5.20852,7.55799,4.16154,0.651571,1.4927,0.235633,-1.36327,0.00219254
19.4269,20.5409,-7.13199,7.13199,11.317,10.7412,-0.867882,7.53359,4.18213,0.662872,1.50062,0.235632,-1.36274,0.00221904
19.7279,20.5409,-7.11708,7.11708,10.7949,10.7412,-5.46475,7.55944,4.20271,0.674169,1.50861,0.235631,-1.36221,0.00224575
20.0107,20.5409,-7.10308,7.10308,11.353,10.7412,-0.550077,7.5318,4.22329,0.685482,1.51655,0.23563,-1.36168,0.00227269
20.2752,20.5409,-2.41747,7.08998,10.7595,10.7412,-5.77626,7.56119,4.24386,0.696789,1.52457,0.235629,-1.36115,0.00229986
19.452,20.5409,-7.13074,7.13074,11.3929,10.7412,-0.198122,7.52983,4.26442,0.708092,1.53248,0.235628,-1.36062,0.00232724
19.7449,20.5409,-7.11624,7.11624,10.7205,10.7412,-0.119683,7.56313,4.28499,0.719389,1.54047,0.235627,-1.36009,0.00235485
20.0181,20.5409,-7.10271,7.10271,10.0639,10.7412,-7.59564,7.59564,4.30554,0.730679,1.54854,0.235626,-1.35956,0.00238271
20.2726,20.5409,-2.44009,7.09011,11.1563,10.7412,-2.37378,7.54154,4.3261,0.741994,1.55652,0.235625,-1.35903,0.00241081
19.4396,20.5409,-7.13136,7.13136,11.0058,10.7412,-3.60399,7.549,4.34665,0.753291,1.56447,0.235624,-1.3585,0.00243913
19.7139,20.5409,-7.11777,7.11777,11.1522,10.7412,-2.31633,7.54175,4.36719,0.764596,1.57242,0.235623,-1.35796,0.0024677
19.9637,20.5409,-7.1054,7.1054,11.0052,10.7412,-3.60966,7.54903,4.38773,0.775903,1.58039,0.235621,-1.35743,0.00249651
20.189,20.5409,-3.18914,7.09424,11.1719,10.7412,-2.14058,7.54077,4.40827,0.787216,1.58836,0.23562,-1.3569,0.00252557
19.4937,20.5409,-7.12868,7.12868,11.0053,10.7412,-3.60655,7.54902,4.4288,0.798514,1.59632,0.235619,-1.35636,0.0025549
19.7212,20.5409,-7.11741,7.11741,11.1962,10.7412,-1.92442,7.53957,4.44932,0.80982,1.60426,0.235618,-1.35583,0.00258448
19.9215,20.5409,-7.10749,7.10749,11.0065,10.7412,-3.59407,7.54896,4.46985,0.821125,1.61223,0.235617,-1.3553,0.00261435
20.0959,20.5409,-4.02206,7.09886,11.2117,10.7412,-1.78653,7.5388,4.49036,0.832438,1.6202,0.235616,-1.35476,0.0026445
19.5393,20.5409,-7.12642,7.12642,11.0058,10.7412,-3.59853,7.549,4.51088,0.843736,1.62815,0.235614,-1.35422,0.00267495
19.7056,20.5409,-7.11818,7.11818,11.2136,10.7412,-1.76963,7.53871,4.53139,0.855041,1.63609,0.235613,-1.35369,0.00270568
19.8473,20.5409,-7.11117,7.11117,11.0061,10.7412,-3.5953,7.54898,4.55189,0.866344,1.64406,0.235612,-1.35315,0.00273672
19.967,20.5409,-5.17714,7.10524,11.2154,10.7412,-1.75379,7.53862,4.57239,0.877653,1.65202,0.235611,-1.35261,0.00276806
19.6237,20.5409,-7.12224,7.12224,11.0063,10.7412,-3.59375,7.54897,4.59288,0.888952,1.65998,0.23561,-1.35208,0.00279971
19.7331,20.5409,-7.11682,7.11682,11.2174,10.7412,-1.73538,7.53852,4.61337,0.900256,1.66792,0.235608,-1.35154,0.00283167
19.8311,20.5409,-7.11197,7.11197,11.0068,10.7412,-3.58869,7.54895,4.63386,0.911557,1.67589,0.235607,-1.351,0.00286395
19.9199,20.5409,-5.59753,7.10757,11.2193,10.7412,-1.71839,7.53842,4.65434,0.922864,1.68384,0.235606,-1.35046,0.00289655
19.6733,20.5409,-7.11978,7.11978,11.007,10.7412,-3.58734,7.54894,4.67482,0.934162,1.69181,0.235604,-1.34991,0.00292946
19.7821,20.5409,-6.84039,7.1144,11.2213,10.7412,-1.70124,7.53833,4.69529,0.945465,1.69975,0.235603,-1.34937,0.00296268
19.8203,20.5409,-7.11251,7.11251,11.0073,10.7412,-3.58399,7.54892,4.71576,0.956764,1.70772,0.235602,-1.34883,0.00299622
19.915,20.5409,-5.64272,7.10782,11.2231,10.7412,-1.68504,7.53824,4.73622,0.968068,1.71567,0.2356,-1.34829,0.00303007
19.6832,20.5409,-7.11929,7.11929,11.0073,10.7412,-3.58373,7.54892,4.75668,0.979364,1.72363,0.235599,-1.34774,0.00306424
19.7953,20.5409,-6.72156,7.11374,11.2249,10.7412,-1.66884,7.53815,4.77714,0.990665,1.73158,0.235598,-1.3472,0.00309872
19.8108,20.5409,-7.11297,7.11297,11.0075,10.7412,-3.58175,7.54891,4.79759,1.00196,1.73955,0.235596,-1.34665,0.00313352
19.9108,20.5409,-5.68077,7.10802,11.2266,10.7412,-1.65346,7.53806,4.81804,1.01326,1.7475,0.235595,-1.34611,0.00316863
19.6918,20.5409,-7.11887,7.11887,11.0074,10.7412,-3.58246,7.54892,4.83848,1.02456,1.75546,0.235593,-1.34556,0.00320406
19.8069,20.5409,-6.61719,7.11317,11.2284,10.7412,-1.63809,7.53798,4.85891,1.03585,1.76341,0.235592,-1.34501,0.0032398
19.8026,20.5409,-7.11338,7.11338,11.0075,10.7412,-3.58169,7.54891,4.87935,1.04715,1.77138,0.235591,-1.34446,0.00327585
19.9073,20.5409,-5.71267,7.1082,11.23,10.7412,-1.62342,7.53789,4.89978,1.05845,1.77933,0.235589,-1.34392,0.00331223
19.6992,20.5409,-7.1185,7.1185,11.0073,10.7412,-3.58327,7.54892,4.9202,1.06974,1.78729,0.235588,-1.34337,0.00334891
19.8172,20.5409,-6.52541,7.11266,11.2317,10.7412,-1.60876,7.53781,4.94062,1.08103,1.79524,0.235586,-1.34282,0.00338591
19.7955,20.5409,-7.11373,7.11373,11.0072,10.7412,-3.58358,7.54892,4.96104,1.09232,1.8032,0.235585,-1.34227,0.00342323
19.9044,20.5409,-5.73927,7.10834,11.2332,10.7412,-1.59471,7.53773,4.98145,1.10361,1.81115,0.235583,-1.34172,0.00346086
19.7057,20.5409,-7.11818,7.11818,11.007,10.7412,-3.58596,7.54894,5.00185,1.1149,1.81912,0.235581,-1.34117,0.0034988
19.8262,20.5409,-6.44464,7.11221,11.2348,10.7412,-1.58066,7.53766,5.02225,1.12619,1.82706,0.23558,-1.34062,0.00353706
19.7893,20.5409,-7.11404,7.11404,11.0068,10.7412,-3.58724,7.54895,5.04265,1.13748,1.83503,0.235578,-1.34007,0.00357563
19.902,20.5409,-5.76136,7.10846,11.2363,10.7412,-1.56715,7.53758,5.06304,1.14877,1.84298,0.235577,-1.33951,0.00361451
19.7113,20.5409,-7.1179,7.1179,11.0064,10.7412,-3.59034,7.54896,5.08344,1.16005,1.85094,0.235575,-1.33896,0.00365371
19.8341,20.5409,-6.37351,7.11182,11.2379,10.7412,-1.55365,7.5375,5.10382,1.17133,1.85889,0.235573,-1.33841,0.00369322
19.7839,20.5409,-7.11431,7.11431,11.0062,10.7412,-3.59251,7.54898,5.1242,1.18261,1.86686,0.235572,-1.33786,0.00373304
19.9,20.5409,-5.77962,7.10856,11.2393,10.7412,-1.54061,7.53743,5.14458,1.1939,1.87481,0.23557,-1.3373,0.00377318
19.7162,20.5409,-7.11766,7.11766,11.0057,10.7412,-3.59627,7.549,5.16495,1.20518,1.88277,0.235568,-1.33675,0.00381363
19.8411,20.5409,-6.31085,7.11148,11.2408,10.7412,-1.52758,7.53736,5.18532,1.21646,1.89072,0.235567,-1.33619,0.00385439
19.7792,20.5409,-7.11454,7.11454,11.0054,10.7412,-3.59925,7.54902,5.20568,1.22773,1.89869,0.235565,-1.33564,0.00389547
19.8984,20.5409,-5.79462,7.10864,11.2422,10.7412,-1.51496,7.53729,5.22604,1.23901,1.90663,0.235563,-1.33508,0.00393686
19.7204,20.5409,-7.11745,7.11745,11.0049,10.7412,-3.60362,7.54904,5.24639,1.25028,1.9146,0.235561,-1.33453,0.00397856
19.8472,20.5409,-6.25561,7.11117,11.2436,10.7412,-1.50234,7.53722,5.26674,1.26156,1.92255,0.23556,-1.33397,0.00402057
19.7752,20.5409,-7.11474,7.11474,11.0044,10.7412,-3.60732,7.54906,5.28709,1.27283,1.93051,0.235558,-1.33342,0.0040629
19.897,20.5409,-5.80686,7.1087,11.245,10.7412,-1.49008,7.53715,5.30743,1.2841,1.93846,0.235556,-1.33286,0.00410553
19.7241,20.5409,-7.11727,7.11727,11.0039,10.7412,-3.61226,7.54909,5.32777,1.29536,1.94643,0.235554,-1.3323,0.00414849
19.8527,20.5409,-6.20685,7.1109,11.2464,10.7412,-1.47781,7.53708,5.3481,1.30663,1.95437,0.235552,-1.33175,0.00419175
19.7716,20.5409,-7.11491,7.11491,11.0034,10.7412,-3.61662,7.54912,5.36843,1.3179,1.96234,0.23555,-1.33119,0.00423532
19.896,20.5409,-5.81673,7.10876,11.2478,10.7412,-1.46585,7.53701,5.38876,1.32916,1.97029,0.235548,-1.33063,0.00427921
19.7272,20.5409,-7.11711,7.11711,11.0027,10.7412,-3.62206,7.54915,5.40908,1.34042,1.97825,0.235547,-1.33008,0.00432341
19.8575,20.5409,-6.16376,7.11066,11.2491,10.7412,-1.45388,7.53695,5.4294,1.35168,1.9862,0.235545,-1.32952,0.00436792
19.7686,20.5409,-7.11507,7.11507,11.0022,10.7412,-3.62702,7.54918,5.44971,1.36294,1.99417,0.235543,-1.32896,0.00441275
19.8951,20.5409,-5.82457,7.1088,11.2504,10.7412,-1.44217,7.53688,5.47002,1.3742,2.00211,0.235541,-1.3284,0.00445788
19.73,20.5409,-7.11698,7.11698,11.0015,10.7412,-3.63292,7.54921,5.49032,1.38545,2.01008,0.235539,-1.32784,0.00450333
19.8617,20.5409,-6.12562,7.11045,11.2518,10.7412,-1.43045,7.53682,5.51062,1.3967,2.01803,0.235537,-1.32729,0.00454909
19.7659,20.5409,-7.1152,7.1152,11.0009,10.7412,-3.63843,7.54924,5.53092,1.40795,2.02599,0.235535,-1.32673,0.00459516
19.8945,20.5409,-5.83069,7.10883,11.2531,10.7412,-1.41895,7.53675,5.55121,1.4192,2.03394,0.235532,-1.32617,0.00464154
19.7324,20.5409,-7.11686,7.11686,11.0001,10.7412,-3.64477,7.54928,5.5715,1.43045,2.04191,0.23553,-1.32561,0.00468824
19.8655,20.5409,-6.09184,7.11027,11.2544,10.7412,-1.40744,7.53669,5.59178,1.4417,2.04985,0.235528,-1.32505,0.00473524
19.7636,20.5409,-7.11531,7.11531,10.9994,10.7412,-3.65077,7.54931,5.61207,1.45293,2.05782,0.235526,-1.32449,0.00478256
19.894,20.5409,-5.83537,7.10886,11.2556,10.7412,-1.39612,7.53662,5.63234,1.46418,2.06577,0.235524,-1.32393,0.00483019
19.7345,20.5409,-7.11675,7.11675,10.9987,10.7412,-3.65752,7.54935,5.65262,1.47541,2.07373,0.235522,-1.32337,0.00487813
19.8688,20.5409,-6.06189,7.1101,11.2569,10.7412,-1.3848,7.53656,5.67288,1.48665,2.08168,0.23552,-1.32281,0.00492637
19.7616,20.5409,-7.11541,7.11541,10.9979,10.7412,-3.66399,7.54939,5.69315,1.49788,2.08964,0.235517,-1.32225,0.00497493
19.8936,20.5409,-5.83886,7.10887,11.2582,10.7412,-1.37363,7.5365,5.71341,1.50912,2.09759,0.235515,-1.32169,0.0050238
19.7363,20.5409,-7.11666,7.11666,10.9971,10.7412,-3.67113,7.54943,5.73367,1.52035,2.10556,0.235513,-1.32113,0.00507298
19.8718,20.5409,-6.03564,7.10996,11.2594,10.7412,-1.36277,7.53644,5.75392,1.53158,2.1135,0.235511,-1.32057,0.00512247
19.7598,20.5409,-7.1155,7.1155,10.9963,10.7412,-3.67811,7.54947,5.77417,1.5428,2.12147,0.235508,-1.32,0.00517227
19.8931,20.5409,-5.84307,7.1089,11.2605,10.7412,-1.35295,7.53638,5.79441,1.55402,2.12942,0.235506,-1.31944,0.00522237
19.7379,20.5409,-7.11659,7.11659,10.9955,10.7412,-3.68548,7.54951,5.81466,1.56524,2.13738,0.235504,-1.31888,0.00527277
19.8741,20.5409,-6.01459,7.10984,11.2616,10.7412,-1.34335,7.53633,5.83489,1.57646,2.14533,0.235501,-1.31832,0.00532347
19.7583,20.5409,-7.11558,7.11558,10.9947,10.7412,-3.69262,7.54955,5.85513,1.58767,2.1533,0.235499,-1.31776,0.00537446
19.8927,20.5409,-5.84748,7.10892,11.2627,10.7412,-1.33387,7.53628,5.87536,1.59889,2.16124,0.235496,-1.3172,0.00542573
19.7393,20.5409,-7.11652,7.11652,10.9938,10.7412,-3.70012,7.54959,5.89558,1.6101,2.16921,0.235494,-1.31664,0.00547729
19.8762,20.5409,-5.99599,7.10974,11.2638,10.7412,-1.32422,7.53622,5.9158,1.62131,2.17716,0.235491,-1.31607,0.00552914
19.757,20.5409,-7.11564,7.11564,10.993,10.7412,-3.70745,7.54963,5.93603,1.63251,2.18512,0.235489,-1.31551,0.00558125
19.8923,20.5409,-5.85069,7.10894,11.2649,10.7412,-1.31467,7.53617,5.95624,1.64372,2.19307,0.235486,-1.31495,0.00563365
19.7405,20.5409,-7.11646,7.11646,10.9921,10.7412,-3.71509,7.54967,5.97645,1.65491,2.20104,0.235484,-1.31439,0.00568631
19.8781,20.5409,-5.97924,7.10964,11.266,10.7412,-1.30499,7.53611,5.99666,1.66611,2.20898,0.235481,-1.31383,0.00573924
19.7558,20.5409,-7.1157,7.1157,10.9912,10.7412,-3.72259,7.54972,6.01686,1.67731,2.21695,0.235479,-1.31326,0.00579244
19.8921,20.5409,-5.85286,7.10895,11.267,10.7412,-1.29538,7.53606,6.03706,1.6885,2.2249,0.235476,-1.3127,0.0058459
19.7415,20.5409,-7.11641,7.11641,10.9903,10.7412,-3.73039,7.54976,6.05726,1.69969,2.23286,0.235473,-1.31214,0.00589962
19.8797,20.5409,-5.96412,7.10956,11.2681,10.7412,-1.28565,7.536,6.07745,1.71088,2.24081,0.235471,-1.31158,0.00595359
19.7548,20.5409,-7.11575,7.11575,10.9895,10.7412,-3.73808,7.5498,6.09765,1.72206,2.24878,0.235468,-1.31101,0.00600783
19.892,20.5409,-5.85417,7.10896,11.2692,10.7412,-1.27598,7.53595,6.11783,1.73324,2.25672,0.235465,-1.31045,0.00606232
19.7424,20.5409,-7.11636,7.11636,10.9886,10.7412,-3.74603,7.54985,6.13802,1.74442,2.26469,0.235463,-1.30989,0.00611706
19.8813,20.5409,-5.95044,7.10949,11.2703,10.7412,-1.26621,7.5359,6.15819,1.7556,2.27263,0.23546,-1.30933,0.00617205
19.7539,20.5409,-7.11579,7.11579,10.9877,10.7412,-3.75391,7.54989,6.17837,1.76677,2.2806,0.235457,-1.30876,0.00622729
19.8919,20.5409,-5.85478,7.10896,11.2715,10.7412,-1.2565,7.53584,6.19854,1.77794,2.28855,0.235454,-1.3082,0.00628277
19.7432,20.5409,-7.11632,7.11632,10.9867,10.7412,-3.76203,7.54994,6.21871,1.7891,2.29652,0.235451,-1.30764,0.00633851
19.8827,20.5409,-5.93807,7.10942,11.2726,10.7412,-1.24669,7.53579,6.23888,1.80027,2.30446,0.235449,-1.30708,0.00639448
19.7532,20.5409,-7.11583,7.11583,10.9858,10.7412,-3.77009,7.54999,6.25904,1.81143,2.31243,0.235446,-1.30651,0.0064507
19.8919,20.5409,-5.85482,7.10896,11.2737,10.7412,-1.23692,7.53573,6.2792,1.82259,2.32037,0.235443,-1.30595,0.00650716
19.7438,20.5409,-7.11629,7.11629,10.9849,10.7412,-3.77838,7.55003,6.29936,1.83374,2.32834,0.23544,-1.30539,0.00656386
19.8839,20.5409,-5.92686,7.10935,11.2748,10.7412,-1.22708,7.53568,6.31951,1.8449,2.33629,0.235437,-1.30482,0.00662079
19.7525,20.5409,-7.11586,7.11586,10.9839,10.7412,-3.78663,7.55008,6.33966,1.85604,2.34425,0.235434,-1.30426,0.00667797
19.892,20.5409,-5.85441,7.10896,11.2759,10.7412,-1.21726,7.53562,6.3598,1.86719,2.3522,0.235431,-1.3037,0.00673538
19.7444,20.5409,-7.11626,7.11626,10.983,10.7412,-3.79509,7.55013,6.37995,1.87833,2.36017,0.235428,-1.30313,0.00679303
19.885,20.5409,-5.9167,7.1093,11.277,10.7412,-1.20737,7.53557,6.40009,1.88947,2.36811,0.235425,-1.30257,0.00685091
19.752,20.5409,-7.11589,7.11589,10.982,10.7412,-3.80354,7.55017,6.42023,1.9006,2.37608,0.235421,-1.30201,0.00690902
19.892,20.5409,-5.85362,7.10895,11.2781,10.7412,-1.19751,7.53551,6.44036,1.91174,2.38403,0.235418,-1.30144,0.00696737
19.7449,20.5409,-7.11624,7.11624,10.981,10.7412,-3.81217,7.55022,6.46049,1.92287,2.39199,0.235415,-1.30088,0.00702596
19.8861,20.5409,-5.90747,7.10925,11.2793,10.7412,-1.18759,7.53545,6.48061,1.934,2.39994,0.235412,-1.30031,0.00708477
19.7515,20.5409,-7.11591,7.11591,10.9801,10.7412,-3.82081,7.55027,6.50074,1.94512,2.40791,0.235409,-1.29975,0.00714382
19.8922,20.5409,-5.85254,7.10895,11.2804,10.7412,-1.17768,7.5354,6.52086,1.95624,2.41585,0.235405,-1.29919,0.00720311
19.7454,20.5409,-7.11622,7.11622,10.979,10.7412,-3.82962,7.55032,6.54098,1.96735,2.42382,0.235402,-1.29862,0.00726263
19.887,20.5409,-5.89907,7.1092,11.2815,10.7412,-1.16772,7.53534,6.56109,1.97847,2.43176,0.235399,-1.29806,0.00732238
19.751,20.5409,-7.11593,7.11593,10.978,10.7412,-3.83845,7.55037,6.58121,1.98957,2.43973,0.235396,-1.2975,0.00738237
19.8923,20.5409,-5.85123,7.10894,11.2827,10.7412,-1.15777,7.53529,6.60131,2.00068,2.44768,0.235392,-1.29693,0.0074426
19.7457,20.5409,-7.1162,7.1162,10.977,10.7412,-3.84745,7.55042,6.62142,2.01178,2.45565,0.235389,-1.29637,0.00750307
19.8879,20.5409,-5.89142,7.10916,11.2838,10.7412,-1.14777,7.53523,6.64152,2.02288,2.46359,0.235385,-1.2958,0.00756377
19.7507,20.5409,-7.11595,7.11595,10.976,10.7412,-3.85648,7.55047,6.66163,2.03398,2.47156,0.235382,-1.29524,0.00762471
19.8925,20.5409,-5.84974,7.10893,11.2849,10.7412,-1.13778,7.53517,6.68172,2.04507,2.4795,0.235378,-1.29468,0.0076859
19.7461,20.5409,-7.11618,7.11618,10.9749,10.7412,-3.86567,7.55052,6.70182,2.05616,2.48747,0.235375,-1.29411,0.00774733
19.8886,20.5409,-5.88445,7.10912,11.2861,10.7412,-1.12775,7.53512,6.72191,2.06725,2.49542,0.235371,-1.29355,0.007809
19.7503,20.5409,-7.11597,7.11597,10.9739,10.7412,-3.8749,7.55058,6.742,2.07833,2.50339,0.235368,-1.29298,0.00787092
19.8927,20.5409,-5.84812,7.10892,11.2872,10.7412,-1.11772,7.53506,6.76209,2.08941,2.51133,0.235364,-1.29242,0.00793308
19.7463,20.5409,-7.11617,7.11617,10.9728,10.7412,-3.88428,7.55063,6.78218,2.10048,2.5193,0.235361,-1.29185,0.0079955
19.8894,20.5409,-5.87809,7.10908,11.2883,10.7412,-1.10765,7.535,6.80225,2.11155,2.52724,0.235357,-1.29129,0.00805816
19.75,20.5409,-7.11598,7.11598,10.9718,10.7412,-3.89372,7.55068,6.82234,2.12261,2.53521,0.235353,-1.29072,0.00812108
19.8929,20.5409,-5.84642,7.10891,11.2895,10.7412,-1.09759,7.53495,6.84241,2.13368,2.54316,0.235349,-1.29016,0.00818426
19.7466,20.5409,-7.11616,7.11616,10.9707,10.7412,-3.9033,7.55074,6.86249,2.14474,2.55112,0.235346,-1.2896,0.00824769
19.89,20.5409,-5.87228,7.10905,11.2906,10.7412,-1.08749,7.53489,6.88256,2.1558,2.55907,0.235342,-1.28903,0.00831138
19.7498,20.5409,-7.116,7.116,10.9696,10.7412,-3.91293,7.55079,6.90263,2.16685,2.56704,0.235338,-1.28847,0.00837533
19.8931,20.5409,-5.84466,7.1089,11.2918,10.7412,-1.07739,7.53483,6.92269,2.1779,2.57498,0.235334,-1.2879,0.00843955
19.7468,20.5409,-7.11614,7.11614,10.9685,10.7412,-3.92271,7.55085,6.94276,2.18894,2.58295,0.23533,-1.28734,0.00850404
19.8906,20.5409,-5.86697,7.10902,11.2929,10.7412,-1.06725,7.53478,6.96282,2.19998,2.59089,0.235326,-1.28677,0.0085688
19.7496,20.5409,-7.11601,7.11601,10.9673,10.7412,-3.93256,7.5509,6.98288,2.21102,2.59886,0.235322,-1.28621,0.00863383
19.8933,20.5409,-5.84287,7.10889,11.2941,10.7412,-1.05711,7.53472,7.00293,2.22205,2.60681,0.235319,-1.28564,0.00869913
19.747,20.5409,-7.11614,7.11614,10.9662,10.7412,-3.94254,7.55096,7.02299,2.23308,2.61478,0.235314,-1.28508,0.00876472
19.8911,20.5409,-5.8621,7.109,11.2952,10.7412,-1.04694,7.53466,7.04304,2.24411,2.62272,0.23531,-1.28451,0.00883059
19.7494,20.5409,-7.11602,7.11602,10.9651,10.7412,-3.95259,7.55101,7.06309,2.25513,2.63069,0.235306,-1.28395,0.00889674
19.8935,20.5409,-5.84107,7.10888,11.2964,10.7412,-1.03677,7.53461,7.08314,2.26614,2.63863,0.235302,-1.28338,0.00896319
19.7471,20.5409,-7.11613,7.11613,10.9639,10.7412,-3.96278,7.55107,7.10319,2.27716,2.6466,0.235298,-1.28282,0.00902993
19.8916,20.5409,-5.85764,7.10897,11.2976,10.7412,-1.02656,7.53455,7.12323,2.28817,2.65455,0.235294,-1.28225,0.00909696
19.7492,20.5409,-7.11602,7.11602,10.9627,10.7412,-3.97304,7.55113,7.14327,2.29917,2.66252,0.23529,-1.28169,0.0091643
19.8938,20.5409,-5.83871,7.10887,11.2988,10.7412,-1.01578,7.53449,7.16331,2.31018,2.67046,0.235285,-1.28112,0.00923194
19.7472,20.5409,-7.11613,7.11613,10.9615,10.7412,-3.98415,7.55119,7.18335,2.32117,2.67843,0.235281,-1.28056,0.00929989
19.8921,20.5409,-5.85353,7.10895,11.3,10.7412,-1.00468,7.53443,7.20338,2.33217,2.68637,0.235277,-1.27999,0.00936814
19.749,20.5409,-7.11603,7.11603,10.9602,10.7412,-3.99572,7.55126,7.22342,2.34315,2.69434,0.235273,-1.27943,0.00943669
19.8939,20.5409,-5.83748,7.10886,11.3013,10.7412,-0.993541,7.53436,7.24345,2.35414,2.70229,0.235268,-1.27886,0.00950555
19.7473,20.5409,-7.11612,7.11612,10.9588,10.7412,-4.00742,7.55132,7.26348,2.36512,2.71026,0.235264,-1.2783,0.00957472
19.8925,20.5409,-5.85034,7.10893,11.3026,10.7412,-0.982359,7.5343,7.2835,2.3761,2.7182,0.235259,-1.27773,0.00964419
19.7489,20.5409,-7.11604,7.11604,10.9575,10.7412,-4.0192,7.55139,7.30353,2.38707,2.72617,0.235255,-1.27717,0.00971397
19.894,20.5409,-5.8364,7.10885,11.3039,10.7412,-0.971143,7.53424,7.32355,2.39804,2.73411,0.23525,-1.2766,0.00978405
19.7474,20.5409,-7.11612,7.11612,10.9561,10.7412,-4.03111,7.55145,7.34358,2.40901,2.74208,0.235246,-1.27604,0.00985444
19.8928,20.5409,-5.84757,7.10892,11.3051,10.7412,-0.959882,7.53417,7.3636,2.41997,2.75003,0.235241,-1.27547,0.00992513
19.7488,20.5409,-7.11605,7.11605,10.9548,10.7412,-4.0431,7.55152,7.38362,2.43093,2.758,0.235236,-1.27491,0.00999612
19.8941,20.5409,-5.83545,7.10885,11.3064,10.7412,-0.948582,7.53411,7.40363,2.44188,2.76594,0.235232,-1.27434,0.0100674
19.7475,20.5409,-7.11611,7.11611,10.9534,10.7412,-4.05522,7.55159,7.42365,2.45283,2.77391,0.235227,-1.27378,0.010139
19.893,20.5409,-5.84516,7.1089,11.3077,10.7412,-0.937234,7.53405,7.44366,2.46377,2.78185,0.235222,-1.27321,0.0102109
19.7487,20.5409,-7.11605,7.11605,10.952,10.7412,-4.06743,7.55166,7.46368,2.47471,2.78982,0.235218,-1.27265,0.0102832
19.8942,20.5409,-5.83465,7.10884,11.309,10.7412,-0.925844,7.53398,7.48368,2.48565,2.79776,0.235213,-1.27208,0.0103557
19.7475,20.5409,-7.11611,7.11611,10.9506,10.7412,-4.07976,7.55173,7.5037,2.49658,2.80574,0.235208,-1.27152,0.0104285
19.8933,20.5409,-5.84308,7.10889,11.3103,10.7412,-0.914403,7.53392,7.5237,2.50751,2.81368,0.235203,-1.27095,0.0105016
19.7486,20.5409,-7.11606,7.11606,10.9492,10.7412,-4.09217,7.5518,7.54371,2.51843,2.82165,0.235198,-1.27039,0.0105751
19.8943,20.5409,-5.83397,7.10884,11.3116,10.7412,-0.902917,7.53385,7.56371,2.52935,2.82959,0.235193,-1.26982,0.0106488
19.7476,20.5409,-7.1161,7.1161,10.9478,10.7412,-4.10469,7.55187,7.58372,2.54026,2.83756,0.235188,-1.26926,0.0107228
19.8935,20.5409,-5.84131,7.10888,11.3129,10.7412,-0.891376,7.53379,7.60371,2.55117,2.8455,0.235183,-1.26869,0.0107972
19.7485,20.5409,-7.11606,7.11606,10.9464,10.7412,-4.11731,7.55194,7.62372,2.56208,2.85347,0.235178,-1.26813,0.0108718
19.8944,20.5409,-5.83341,7.10884,11.3142,10.7412,-0.879786,7.53372,7.64371,2.57298,2.86142,0.235173,-1.26756,0.0109468
19.7477,20.5409,-7.1161,7.1161,10.9449,10.7412,-4.13004,7.55201,7.66372,2.58388,2.86939,0.235168,-1.267,0.011022
19.8936,20.5409,-5.83981,7.10887,11.3156,10.7412,-0.86814,7.53366,7.68371,2.59477,2.87733,0.235163,-1.26643,0.0110976
19.7485,20.5409,-7.11606,7.11606,10.9435,10.7412,-4.14285,7.55208,7.70371,2.60566,2.8853,0.235158,-1.26587,0.0111735
19.8944,20.5409,-5.83297,7.10883,11.3169,10.7412,-0.856441,7.53359,7.7237,2.61655,2.89324,0.235152,-1.2653,0.0112496
19.7477,20.5409,-7.1161,7.1161,10.942,10.7412,-4.15578,7.55216,7.7437,2.62743,2.90121,0.235147,-1.26474,0.0113261
19.8938,20.5409,-5.83855,7.10887,11.3182,10.7412,-0.844684,7.53352,7.76368,2.6383,2.90916,0.235142,-1.26417,0.0114029
19.7484,20.5409,-7.11607,7.11607,10.9405,10.7412,-4.16879,7.55223,7.78368,2.64917,2.91713,0.235136,-1.26361,0.01148
19.8944,20.5409,-5.83264,7.10883,11.3196,10.7412,-0.832871,7.53346,7.80366,2.66004,2.92507,0.235131,-1.26304,0.0115573
19.7477,20.5409,-7.1161,7.1161,10.939,10.7412,-4.18191,7.5523,7.82366,2.6709,2.93304,0.235125,-1.26248,0.011635
19.8939,20.5409,-5.83751,7.10886,11.3209,10.7412,-0.820996,7.53339,7.84364,2.68176,2.94098,0.23512,-1.26191,0.011713
19.7483,20.5409,-7.11607,7.11607,10.9375,10.7412,-4.19511,7.55238,7.86363,2.69261,2.94895,0.235114,-1.26135,0.0117913
19.8945,20.5409,-5.8324,7.10883,11.3223,10.7412,-0.809063,7.53332,7.88361,2.70346,2.9569,0.235109,-1.26078,0.0118699
19.7478,20.5409,-7.1161,7.1161,10.936,10.7412,-4.20842,7.55245,7.90361,2.71431,2.96487,0.235103,-1.26022,0.0119488
19.894,20.5409,-5.83667,7.10886,11.3237,10.7412,-0.797065,7.53326,7.92358,2.72515,2.97281,0.235098,-1.25966,0.012028
19.7483,20.5409,-7.11607,7.11607,10.9345,10.7412,-4.22182,7.55253,7.94357,2.73599,2.98078,0.235092,-1.25909,0.0121075
19.8945,20.5409,-5.83226,7.10883,11.325,10.7412,-0.785005,7.53319,7.96355,2.74682,2.98872,0.235086,-1.25853,0.0121873
19.7478,20.5409,-7.11609,7.11609,10.933,10.7412,-4.23532,7.5526,7.98354,2.75764,2.9967,0.23508,-1.25796,0.0122674
19.8941,20.5409,-5.83599,7.10885,11.3264,10.7412,-0.772878,7.53312,8.00352,2.76847,3.00464,0.235075,-1.2574,0.0123478
19.7483,20.5409,-7.11607,7.11607,10.9314,10.7412,-4.2489,7.55268,8.0235,2.77929,3.01261,0.235069,-1.25683,0.0124286
19.8945,20.5409,-5.8322,7.10883,11.3278,10.7412,-0.760686,7.53305,8.04348,2.7901,3.02055,0.235063,-1.25627,0.0125096
19.7478,20.5409,-7.11609,7.11609,10.9299,10.7412,-4.26259,7.55276,8.06346,2.80091,3.02852,0.235057,-1.2557,0.0125909
19.8941,20.5409,-5.83547,7.10885,11.3292,10.7412,-0.748424,7.53298,8.08344,2.81172,3.03646,0.235051,-1.25514,0.0126725
19.7482,20.5409,-7.11607,7.11607,10.9283,10.7412,-4.27636,7.55283,8.10342,2.82252,3.04444,0.235045,-1.25457,0.0127544
19.8945,20.5409,-5.8322,7.10883,11.3306,10.7412,-0.736094,7.53291,8.12339,2.83331,3.05238,0.235039,-1.25401,0.0128367
19.7479,20.5409,-7.11609,7.11609,10.9267,10.7412,-4.29024,7.55291,8.14338,2.8441,3.06035,0.235033,-1.25344,0.0129192
19.8942,20.5409,-5.83507,7.10885,11.332,10.7412,-0.723691,7.53284,8.16335,2.85489,3.06829,0.235027,-1.25288,0.013002
19.7482,20.5409,-7.11608,7.11608,10.9251,10.7412,-4.30419,7.55299,8.18333,2.86567,3.07626,0.235021,-1.25231,0.0130851
19.8945,20.5409,-5.83226,7.10883,11.3334,10.7412,-0.711217,7.53277,8.2033,2.87645,3.0842,0.235014,-1.25175,0.0131686
19.7479,20.5409,-7.11609,7.11609,10.9235,10.7412,-4.31825,7.55307,8.22329,2.88722,3.09218,0.235008,-1.25118,0.0132523
19.8942,20.5409,-5.83478,7.10884,11.3348,10.7412,-0.698668,7.5327,8.24326,2.89799,3.10012,0.235002,-1.25062,0.0133363
19.7482,20.5409,-7.11608,7.11608,10.9219,10.7412,-4.33239,7.55315,8.26324,2.90876,3.10809,0.234996,-1.25005,0.0134207
19.8945,20.5409,-5.83237,7.10883,11.3363,10.7412,-0.686044,7.53263,8.28321,2.91952,3.11603,0.234989,-1.24949,0.0135053
19.7479,20.5409,-7.11609,7.11609,10.9203,10.7412,-4.34663,7.55323,8.30319,2.93027,3.124,0.234983,-1.24892,0.0135903
19.8942,20.5409,-5.83458,7.10884,11.3377,10.7412,-0.673342,7.53256,8.32316,2.94103,3.13194,0.234976,-1.24836,0.0136755
19.7481,20.5409,-7.11608,7.11608,10.9187,10.7412,-4.36095,7.55331,8.34314,2.95177,3.13992,0.23497,-1.2478,0.013761
19.8945,20.5409,-5.83251,7.10883,11.3392,10.7412,-0.660564,7.53249,8.36311,2.96251,3.14786,0.234963,-1.24723,0.0138469
19.7479,20.5409,-7.11609,7.11609,10.9171,10.7412,-4.37536,7.55339,8.3831,2.97325,3.15583,0.234957,-1.24667,0.013933
19.8942,20.5409,-5.83445,7.10884,11.3406,10.7412,-0.647704,7.53241,8.40307,2.98399,3.16377,0.23495,-1.2461,0.0140195
19.7482,20.5409,-7.11607,7.11607,10.8999,10.7412,-4.52833,7.55424,8.42305,2.99471,3.17175,0.234943,-1.24554,0.0141062
19.909,20.5409,-5.70334,7.10811,11.3581,10.7412,-0.494319,7.53155,8.44302,3.00544,3.17968,0.234937,-1.24497,0.0141932
19.7468,20.5409,-7.11615,7.11615,10.8629,10.7412,-4.8556,7.55607,8.463,3.01616,3.18766,0.23493,-1.24441,0.0142806
19.9258,20.5409,-5.55412,7.10728,11.3819,10.7412,-0.286206,7.53037,8.48297,3.02687,3.1956,0.234923,-1.24384,0.0143682
19.7465,20.5409,-7.11616,7.11616,10.8197,10.7412,-5.23733,7.55821,8.50295,3.03758,3.20358,0.234916,-1.24328,0.014456
19.9433,20.5409,-5.39775,7.10641,11.4103,10.7412,-0.03756,7.52897,8.52292,3.04829,3.21152,0.234909,-1.24271,0.0145442
19.745,20.5409,-7.11623,7.11623,10.772,10.7412,-5.65929,7.56057,8.54291,3.05899,3.21951,0.234902,-1.24215,0.0146326
19.9594,20.5409,-5.25457,7.10561,11.4439,10.7412,0.25685,7.5273,8.56288,3.06969,3.22744,0.234895,-1.24159,0.0147212
19.7448,20.5409,-7.11625,7.11625,10.7191,10.7412,-0.126982,7.56319,8.58287,3.08038,3.23543,0.234888,-1.24102,0.0148102
19.9754,20.5409,-5.11248,7.10482,10.1073,10.7412,-7.59349,7.59349,8.60286,3.09107,3.2435,0.234881,-1.24046,0.0148994
19.7453,20.5409,-7.11622,7.11622,11.2275,10.7412,-1.73525,7.53802,8.62284,3.10176,3.25144,0.234874,-1.23989,0.0149888
19.9928,20.5409,-4.95742,7.10396,10.9445,10.7412,-4.14267,7.55203,8.64282,3.11244,3.25942,0.234867,-1.23933,0.0150784
19.7424,20.5409,-7.11636,7.11636,11.218,10.7412,-1.73661,7.53849,8.6628,3.12311,3.26737,0.23486,-1.23876,0.0151683
20.0064,20.5409,-4.83651,7.10329